"Path","Platform","Compiled","Cooked","Permutations","Compiletime","CompiledDouble","CookedDouble"
"Globals","0","5312","0","1","0.000000","0","0"
"/Engine/EditorMaterials/PhAT_NoCollisionMaterial.PhAT_NoCollisionMaterial","0","5","5","1","3.522352","0","5"
"/Engine/VREditor/TransformGizmo/Xray.Xray","0","14","14","1","12.811923","0","14"
"/Engine/VREditor/TransformGizmo/Main.Main","0","5","5","1","1.850430","0","5"
"/MeshModelingToolset/Materials/M_DynamicMeshComponentVtxColor.M_DynamicMeshComponentVtxColor","0","0","20","1","0.000000","0","0"
"/ControlRig/Controls/ControlRigGizmoMaterial.ControlRigGizmoMaterial","0","0","4","1","0.000000","0","0"
"/ControlRig/Controls/ControlRigXRayMaterial.ControlRigXRayMaterial","0","0","11","1","0.000000","0","0"
"/Game/Vehicles/SportsCar/Materials/M_SportsCar_Lights.M_SportsCar_Lights","0","0","46","1","0.000000","0","0"
"/ControlRig/M_Manip.M_Manip","0","0","11","1","0.000000","0","0"
"/Game/LevelPrototyping/Materials/M_Solid.M_Solid","0","0","26","1","0.000000","0","0"
"/Paper2D/DefaultSpriteMaterial.DefaultSpriteMaterial","0","0","50","2","0.000000","0","0"
"/Game/Vehicles/SportsCar/Materials/M_SportsCar.M_SportsCar","0","0","90","3","0.000000","0","0"
"/Game/Vehicles/SportsCar/Materials/M_SportsCar_Wheel.M_SportsCar_Wheel","0","0","26","1","0.000000","0","0"
"/Game/Vehicles/OffroadCar/Materials/M_OffroadCar_Wheel.M_OffroadCar_Wheel","0","0","26","1","0.000000","0","0"
"/Game/Vehicles/test_car/obje/initialShadingGroup.initialShadingGroup","0","14","14","1","0.000000","0","14"
"/Engine/EngineMaterials/PPM_DefaultCalibrationGrayscale.PPM_DefaultCalibrationGrayscale","0","5","5","1","4.285638","0","5"
"/Engine/EngineMaterials/PPM_DefaultCalibrationColor.PPM_DefaultCalibrationColor","0","5","5","1","8.057926","0","5"
"/Engine/VREditor/TransformGizmo/TransformGizmoMaterial.TransformGizmoMaterial","0","4","4","1","5.122462","0","4"
"/Engine/EngineMaterials/Widget3DPassThrough.Widget3DPassThrough","0","57","62","6","55.361153","0","62"
"/Engine/EngineMaterials/DefaultPostProcessMaterial.DefaultPostProcessMaterial","0","7","7","1","7.267920","0","7"
"/Game/Tracks/Prueba_mapa2/Material_002.Material_002","0","14","14","1","0.000000","0","14"
"/Game/Tracks/Prueba_mapa2/Material_001.Material_001","0","14","14","1","0.000000","0","14"
"/Engine/EngineDebugMaterials/DebugEditorMaterial.DebugEditorMaterial","0","7","8","1","8.495606","0","8"
"/Engine/EditorMaterials/PhAT_UnselectedMaterial.PhAT_UnselectedMaterial","0","5","5","1","9.869332","0","5"
"/Engine/EngineMaterials/GizmoMaterial.GizmoMaterial","0","7","8","1","7.934842","0","8"
"/Engine/EngineDebugMaterials/DebugMeshMaterial.DebugMeshMaterial","0","7","7","1","7.326469","0","7"
"/Engine/EngineMaterials/RemoveSurfaceMaterial.RemoveSurfaceMaterial","0","4","4","1","4.283134","0","4"
"/Engine/EngineMaterials/NaniteHiddenSectionMaterial.NaniteHiddenSectionMaterial","0","27","29","1","33.109814","0","29"
"/Engine/EditorMaterials/Dataflow/DataflowVertexMaterial.DataflowVertexMaterial","0","26","26","1","27.313541","0","26"
"/Engine/EngineDebugMaterials/M_SimpleUnlitTranslucent.M_SimpleUnlitTranslucent","0","5","5","1","2.051466","0","5"
"/Engine/VREditor/TransformGizmo/TranslucentTransformGizmoMaterial.TranslucentTransformGizmoMaterial","0","5","5","1","1.980208","0","5"
"/Game/StarterContent/Materials/M_Basic_Wall.M_Basic_Wall","0","23","23","1","21.659054","0","23"
"/Game/StarterContent/Blueprints/Assets/M_LightStage_Arrows.M_LightStage_Arrows","0","4","4","1","2.027492","0","4"
"/Engine/EngineMaterials/EmissiveMeshMaterial.EmissiveMeshMaterial","0","7","7","1","6.547836","0","7"
"/Engine/EngineMaterials/PhAT_JointLimitMaterial.PhAT_JointLimitMaterial","0","10","11","1","14.420970","0","11"
"/Game/Track/M_Track.M_Track","0","0","26","1","0.000000","0","0"
"/Game/StarterContent/Particles/Materials/M_Heat_Distortion.M_Heat_Distortion","0","23","23","1","27.737446","0","23"
"/Game/StarterContent/Props/Materials/M_TableRound.M_TableRound","0","23","23","1","31.337854","0","23"
"/Engine/BasicShapes/BasicShapeMaterial.BasicShapeMaterial","0","67","67","1","68.289169","0","67"
"/Game/StarterContent/Materials/M_Brick_Hewn_Stone.M_Brick_Hewn_Stone","0","23","23","1","40.660263","0","23"
"/Game/StarterContent/Materials/M_Brick_Cut_Stone.M_Brick_Cut_Stone","0","23","23","1","31.371965","0","23"
"/Game/StarterContent/Materials/M_Brick_Clay_Old.M_Brick_Clay_Old","0","23","23","1","62.296394","0","23"
"/Game/StarterContent/Materials/M_Brick_Clay_New.M_Brick_Clay_New","0","23","23","1","43.220230","0","23"
"/Game/StarterContent/Materials/M_Brick_Clay_Beveled.M_Brick_Clay_Beveled","0","23","23","1","46.644104","0","23"
"/Engine/EngineMaterials/DefaultLightFunctionMaterial.DefaultLightFunctionMaterial","0","45","45","1","110.919014","0","45"
"/Interchange/gltf/M_Unlit.M_Unlit","0","0","128","6","0.000000","0","0"
"/Game/LevelPrototyping/Materials/M_PrototypeGrid.M_PrototypeGrid","0","0","69","3","0.000000","0","559"
"/Interchange/gltf/M_Transmission.M_Transmission","0","0","96","2","0.000000","0","0"
"/Interchange/gltf/M_SpecularGlossiness.M_SpecularGlossiness","0","0","272","6","0.000000","0","0"
"/Interchange/gltf/M_Sheen.M_Sheen","0","0","272","6","0.000000","0","0"
"/Interchange/gltf/M_ClearCoat.M_ClearCoat","0","0","272","6","0.000000","0","0"
"/Interchange/gltf/M_Default.M_Default","0","0","272","6","0.000000","0","0"
"/SpeedTreeImporter/SpeedTree9/SpeedTreeBillboardMaster.SpeedTreeBillboardMaster","0","0","62","1","0.000000","0","0"
"/SpeedTreeImporter/SpeedTree9/SpeedTreeMaster.SpeedTreeMaster","0","0","88","1","0.000000","0","0"
"/Engine/OpenWorldTemplate/LandscapeMaterial/M_ProcGrid.M_ProcGrid","0","14","40","1","15.923089","0","948"
"/Engine/EditorMaterials/Camera/CineMat.CineMat","0","26","26","1","80.084030","0","26"
"/Engine/EngineMaterials/FlattenMaterial_WS_Normal_VT.FlattenMaterial_WS_Normal_VT","0","70","105","3","284.801147","0","1750"
"/Engine/EditorLandscapeResources/SplineEditorMeshMat.SplineEditorMeshMat","0","12","14","1","47.031700","0","14"
"/Game/Vehicles/test_car/obje/bluecornet1_mat_5_001.bluecornet1_mat_5_001","0","14","14","1","22.328800","0","14"
"/Game/Vehicles/test_car/obje/bluecornet1_mat_4_004.bluecornet1_mat_4_004","0","14","14","1","2.491684","0","14"
"/Game/Vehicles/test_car/obje/bluecornet1_mat_4_001.bluecornet1_mat_4_001","0","14","14","1","0.000000","0","14"
"/Game/Vehicles/test_car/obje/bluecornet1_mat_3_001.bluecornet1_mat_3_001","0","14","14","1","0.000000","0","14"
"/Game/Vehicles/test_car/obje/bluecornet1_mat_11_001.bluecornet1_mat_11_001","0","14","14","1","0.000000","0","14"
"/Game/Vehicles/test_car/obje/bluecornet1_mat_10_001.bluecornet1_mat_10_001","0","14","14","1","0.000000","0","14"
"/Game/Vehicles/SportsCar/mat_5_002.mat_5_002","0","26","26","1","14.494198","0","26"
"/Game/Vehicles/SportsCar/mat_4_005.mat_4_005","0","26","26","1","0.000000","0","26"
"/Game/Vehicles/SportsCar/mat_4_002.mat_4_002","0","26","26","1","0.000000","0","26"
"/Game/Vehicles/SportsCar/mat_3_002.mat_3_002","0","26","26","1","0.000000","0","26"
"/Game/Vehicles/SportsCar/mat_11_002.mat_11_002","0","26","26","1","0.000000","0","26"
"/Game/Vehicles/SportsCar/mat_10_002.mat_10_002","0","26","26","1","0.000000","0","26"
"/Game/StarterContent/Particles/Materials/m_flare_01.m_flare_01","0","14","14","1","16.485485","0","14"
"/Engine/EngineSky/VolumetricClouds/m_SimpleVolumetricCloud.m_SimpleVolumetricCloud","0","100","100","1","779.586487","0","100"
"/Game/StarterContent/Blueprints/Assets/M_LightStage_Skybox_Master.M_LightStage_Skybox_Master","0","8","8","2","7.326625","0","8"
"/Engine/EngineSky/M_SimpleSkyDome.M_SimpleSkyDome","0","4","4","1","2.949401","0","4"
"/Engine/EngineMaterials/AntiAliasedTextMaterialTranslucent.AntiAliasedTextMaterialTranslucent","0","22","22","1","27.853186","0","22"
"/Engine/EngineSky/M_Sky_Panning_Clouds2.M_Sky_Panning_Clouds2","0","4","4","1","4.855691","0","4"
"/Engine/VREditor/SnapGrid/SnapGridMaterial.SnapGridMaterial","0","12","12","1","12.119002","0","12"
"/Game/StarterContent/Materials/M_Glass.M_Glass","0","35","35","1","114.365967","0","35"
"/Game/StarterContent/Materials/M_AssetPlatform.M_AssetPlatform","0","23","23","1","25.074244","0","23"
"/Engine/EditorMaterials/Thumbnails/SkySphereMaterial.SkySphereMaterial","0","23","23","1","24.176012","0","23"
"/Game/StarterContent/Materials/M_Basic_Floor.M_Basic_Floor","0","23","23","1","23.577826","0","23"
"/Game/StarterContent/Materials/M_ColorGrid_LowSpec.M_ColorGrid_LowSpec","0","23","23","1","26.470224","0","23"
"/Engine/EditorMeshes/ColorCalibrator/M_ColorGrid.M_ColorGrid","0","35","35","1","13.724430","0","35"
"/Game/StarterContent/Materials/M_Wood_Floor_Walnut_Worn.M_Wood_Floor_Walnut_Worn","0","23","23","1","28.753477","0","23"
"/Game/StarterContent/Materials/M_Metal_Rust.M_Metal_Rust","0","23","23","1","29.309675","0","23"
"/Game/StarterContent/Particles/Materials/M_radial_ramp.M_radial_ramp","0","14","14","1","10.878176","0","14"
"/Game/StarterContent/Particles/Materials/M_Radial_Gradient.M_Radial_Gradient","0","14","14","1","0.000000","0","14"
"/Engine/EditorMeshes/ColorCalibrator/M_ClearCoat.M_ClearCoat","0","23","23","1","21.486286","0","23"
"/Engine/EditorMeshes/ColorCalibrator/M_ChromeBall.M_ChromeBall","0","35","35","1","39.728462","0","35"
"/Game/Vehicles/test_car/mat_5_001.mat_5_001","0","50","50","1","189.452408","0","50"
"/Game/Vehicles/test_car/mat_4_004.mat_4_004","0","26","26","1","16.445284","0","26"
"/Game/Vehicles/test_car/mat_4_001.mat_4_001","0","50","50","1","0.000000","0","50"
"/Game/Vehicles/test_car/mat_3_001.mat_3_001","0","50","50","1","0.000000","0","50"
"/Game/Vehicles/test_car/mat_11_001.mat_11_001","0","50","50","1","0.000000","0","50"
"/Game/Vehicles/test_car/mat_10_001.mat_10_001","0","50","50","1","0.000000","0","50"
"/Game/StarterContent/Materials/M_Water_Ocean.M_Water_Ocean","0","23","23","1","35.821785","0","23"
"/Game/StarterContent/Materials/M_Tech_Hex_Tile.M_Tech_Hex_Tile","0","23","23","1","33.241055","0","23"
"/Game/StarterContent/Props/Materials/M_Rock.M_Rock","0","23","23","1","33.845104","0","23"
"/Game/StarterContent/Particles/Materials/M_Burst.M_Burst","0","17","17","1","16.362844","0","17"
"/Engine/EditorMaterials/PreviewShadowIndicatorMaterial.PreviewShadowIndicatorMaterial","0","45","45","1","42.188065","0","45"
"/Engine/EngineDebugMaterials/M_VolumeRenderSphereTracePP.M_VolumeRenderSphereTracePP","0","5","5","1","3.809588","0","5"
"/Engine/EngineMaterials/M_InvalidLightmapSettings.M_InvalidLightmapSettings","0","28","28","1","36.800968","0","28"
"/Engine/EditorMeshes/ColorCalibrator/M_GreyBall.M_GreyBall","0","35","35","1","41.313862","0","35"
"/Engine/EditorMeshes/ColorCalibrator/M_ClearCoatBlack.M_ClearCoatBlack","0","23","23","1","26.432974","0","23"
"/Engine/EngineMaterials/DefaultTextMaterialOpaque.DefaultTextMaterialOpaque","0","29","31","1","38.319607","0","31"
"/Engine/EngineMaterials/FlattenMaterial_VT.FlattenMaterial_VT","0","35","35","1","38.706516","0","35"
"/Engine/EngineMaterials/FlattenMaterial.FlattenMaterial","0","35","35","1","0.000000","0","35"
"/Game/StarterContent/Props/Materials/M_Chair.M_Chair","0","23","23","1","32.460384","0","23"
"/Game/StarterContent/Props/Materials/M_Bush.M_Bush","0","42","44","1","58.748455","0","44"
"/Game/StarterContent/Materials/M_CobbleStone_Pebble.M_CobbleStone_Pebble","0","23","23","1","36.203720","0","23"
"/Game/StarterContent/Materials/M_Tech_Checker_Dot.M_Tech_Checker_Dot","0","23","23","1","35.262405","0","23"
"/Game/StarterContent/Materials/M_Ceramic_Tile_Checker.M_Ceramic_Tile_Checker","0","23","23","1","35.327881","0","23"
"/Game/StarterContent/Materials/M_CobbleStone_Smooth.M_CobbleStone_Smooth","0","23","23","1","39.324287","0","23"
"/Game/StarterContent/Materials/M_CobbleStone_Rough.M_CobbleStone_Rough","0","23","23","1","38.294136","0","23"
"/Game/StarterContent/Props/Materials/M_Door.M_Door","0","23","23","1","29.319401","0","23"
"/Game/StarterContent/Materials/M_Concrete_Tiles.M_Concrete_Tiles","0","23","23","1","34.554482","0","23"
"/Game/StarterContent/Materials/M_Concrete_Poured.M_Concrete_Poured","0","23","23","1","30.190947","0","23"
"/Game/StarterContent/Materials/M_Concrete_Panels.M_Concrete_Panels","0","23","23","1","35.949638","0","23"
"/Game/StarterContent/Materials/M_Concrete_Grime.M_Concrete_Grime","0","23","23","1","35.092659","0","23"
"/Engine/EngineMaterials/DefaultDeferredDecalMaterial.DefaultDeferredDecalMaterial","0","87","87","1","125.514534","0","87"
"/Game/StarterContent/Particles/Materials/M_Fire_SubUV.M_Fire_SubUV","0","11","11","1","11.093307","0","11"
"/Game/StarterContent/Particles/Materials/M_Dust_Particle.M_Dust_Particle","0","74","74","1","83.303268","0","74"
"/Game/StarterContent/Particles/Materials/M_explosion_subUV.M_explosion_subUV","0","11","11","1","11.320498","0","11"
"/Game/StarterContent/Props/Materials/M_Lamp.M_Lamp","0","23","23","1","38.205906","0","23"
"/Game/StarterContent/Materials/M_Ground_Moss.M_Ground_Moss","0","23","23","1","39.012478","0","23"
"/Game/StarterContent/Materials/M_Ground_Gravel.M_Ground_Gravel","0","23","23","1","38.324959","0","23"
"/Game/StarterContent/Materials/M_Ground_Grass.M_Ground_Grass","0","23","23","1","38.496788","0","23"
"/Game/StarterContent/Props/Materials/M_Frame.M_Frame","0","23","23","1","37.817986","0","23"
"/Game/StarterContent/Materials/M_Tech_Panel.M_Tech_Panel","0","23","0","1","0.000000","0","0"
"/Game/StarterContent/Materials/M_Rock_Slate.M_Rock_Slate","0","23","23","1","37.584202","0","23"
"/Game/StarterContent/Materials/M_Rock_Sandstone.M_Rock_Sandstone","0","23","23","1","38.415886","0","23"
"/Game/StarterContent/Materials/M_Metal_Chrome.M_Metal_Chrome","0","23","23","1","39.294235","0","23"
"/Game/StarterContent/Materials/M_Metal_Brushed_Nickel.M_Metal_Brushed_Nickel","0","23","23","1","32.525158","0","23"
"/Game/StarterContent/Materials/M_Tech_Hex_Tile_Pulse.M_Tech_Hex_Tile_Pulse","0","23","23","1","38.051960","0","23"
"/Game/StarterContent/Materials/M_Rock_Basalt.M_Rock_Basalt","0","23","23","1","32.965500","0","23"
"/Game/StarterContent/Materials/M_Water_Lake.M_Water_Lake","0","23","23","1","39.015881","0","23"
"/Game/StarterContent/Materials/M_Wood_Pine.M_Wood_Pine","0","23","23","1","32.274456","0","23"
"/Engine/EngineMaterials/DefaultMaterial.DefaultMaterial","0","127","127","1","191.697678","0","127"
"/Engine/EngineMaterials/WorldGridMaterial.WorldGridMaterial","0","664","0","1","0.000000","0","0"
"/Game/StarterContent/Particles/Materials/M_Spark.M_Spark","0","11","11","1","12.044906","0","11"
"/Game/StarterContent/Props/Materials/M_StatueGlass.M_StatueGlass","0","35","35","1","201.540970","0","35"
"/Game/StarterContent/Props/Materials/M_Statue.M_Statue","0","23","23","1","33.137367","0","23"
"/Game/StarterContent/Particles/Materials/M_smoke_subUV.M_smoke_subUV","0","56","56","1","80.348015","0","56"
"/Game/StarterContent/Props/Materials/M_Shelf.M_Shelf","0","23","23","1","38.564999","0","23"
"/Game/StarterContent/Materials/M_Wood_Floor_Walnut_Polished.M_Wood_Floor_Walnut_Polished","0","23","23","1","39.753429","0","23"
"/Game/StarterContent/Materials/M_Rock_Marble_Polished.M_Rock_Marble_Polished","0","23","23","1","39.452095","0","23"
"/Game/StarterContent/Materials/M_Metal_Steel.M_Metal_Steel","0","23","23","1","38.825199","0","23"
"/Game/StarterContent/Materials/M_Metal_Gold.M_Metal_Gold","0","35","35","1","52.190334","0","35"
"/Game/StarterContent/Materials/M_Metal_Copper.M_Metal_Copper","0","23","23","1","32.887527","0","23"
"/Game/StarterContent/Materials/M_Metal_Burnished_Steel.M_Metal_Burnished_Steel","0","23","23","1","32.815796","0","23"
"/Game/StarterContent/Materials/M_Wood_Walnut.M_Wood_Walnut","0","23","23","1","32.954796","0","23"
"/Game/StarterContent/Materials/M_Wood_Oak.M_Wood_Oak","0","23","23","1","32.821323","0","23"
"Globals","49","6364","0","1","0.000000","0","0"
"/Engine/EditorMaterials/PhAT_NoCollisionMaterial.PhAT_NoCollisionMaterial","49","5","5","1","2.676441","0","5"
"/Engine/EditorMaterials/PhAT_UnselectedMaterial.PhAT_UnselectedMaterial","49","5","5","1","1.879242","0","5"
"/Engine/EngineMaterials/NaniteHiddenSectionMaterial.NaniteHiddenSectionMaterial","49","29","31","1","24.394695","0","31"
"/Engine/EngineDebugMaterials/DebugEditorMaterial.DebugEditorMaterial","49","7","8","1","5.632837","0","8"
"/Engine/EngineMaterials/GizmoMaterial.GizmoMaterial","49","7","8","1","4.298138","0","8"
"/Engine/EngineDebugMaterials/DebugMeshMaterial.DebugMeshMaterial","49","7","7","1","5.333353","0","7"
"/Engine/EngineMaterials/RemoveSurfaceMaterial.RemoveSurfaceMaterial","49","4","4","1","4.491944","0","4"
"/Engine/EditorMaterials/Dataflow/DataflowVertexMaterial.DataflowVertexMaterial","49","26","26","1","23.276796","0","26"
"/Engine/BasicShapes/BasicShapeMaterial.BasicShapeMaterial","49","96","96","1","137.277176","0","96"
"/Engine/EngineDebugMaterials/M_SimpleUnlitTranslucent.M_SimpleUnlitTranslucent","49","5","5","1","1.531584","0","5"
"/Engine/EngineMaterials/DefaultLightFunctionMaterial.DefaultLightFunctionMaterial","49","61","61","1","39.086292","0","61"
"/Engine/EditorLandscapeResources/SplineEditorMeshMat.SplineEditorMeshMat","49","15","17","1","32.494759","0","17"
"/Engine/EditorMaterials/Camera/CineMat.CineMat","49","26","26","1","19.449600","0","26"
"/Engine/VREditor/TransformGizmo/Xray.Xray","49","14","14","1","4.260208","0","14"
"/Engine/VREditor/TransformGizmo/Main.Main","49","5","5","1","0.693999","0","5"
"/Engine/VREditor/TransformGizmo/TranslucentTransformGizmoMaterial.TranslucentTransformGizmoMaterial","49","5","5","1","0.691711","0","5"
"/Game/Vehicles/SportsCar/mat_5_002.mat_5_002","49","26","26","1","36.208672","0","26"
"/Game/Vehicles/SportsCar/mat_4_005.mat_4_005","49","26","26","1","0.000000","0","26"
"/Game/Vehicles/SportsCar/mat_4_002.mat_4_002","49","26","26","1","0.000000","0","26"
"/Game/Vehicles/SportsCar/mat_3_002.mat_3_002","49","26","26","1","0.000000","0","26"
"/Game/Vehicles/SportsCar/mat_11_002.mat_11_002","49","26","26","1","0.000000","0","26"
"/Game/Vehicles/SportsCar/mat_10_002.mat_10_002","49","26","26","1","0.000000","0","26"
"/Game/Vehicles/test_car/obje/initialShadingGroup.initialShadingGroup","49","14","14","1","0.000000","0","14"
"/Game/Vehicles/test_car/obje/bluecornet1_mat_5_001.bluecornet1_mat_5_001","49","14","14","1","20.782791","0","14"
"/Game/Vehicles/test_car/obje/bluecornet1_mat_4_004.bluecornet1_mat_4_004","49","14","14","1","0.000000","0","14"
"/Game/Vehicles/test_car/obje/bluecornet1_mat_4_001.bluecornet1_mat_4_001","49","14","14","1","0.000000","0","14"
"/Game/Vehicles/test_car/obje/bluecornet1_mat_3_001.bluecornet1_mat_3_001","49","14","14","1","0.000000","0","14"
"/Game/Vehicles/test_car/obje/bluecornet1_mat_11_001.bluecornet1_mat_11_001","49","14","14","1","0.000000","0","14"
"/Game/Vehicles/test_car/obje/bluecornet1_mat_10_001.bluecornet1_mat_10_001","49","14","14","1","0.000000","0","14"
"/Game/Tracks/Prueba_mapa2/Material_002.Material_002","49","14","14","1","0.000000","0","14"
"/Game/Tracks/Prueba_mapa2/Material_001.Material_001","49","14","14","1","0.000000","0","14"
"/Game/StarterContent/Particles/Materials/m_flare_01.m_flare_01","49","14","14","1","21.263855","0","14"
"/Game/StarterContent/Materials/M_Glass.M_Glass","49","35","35","1","118.180931","0","35"
"/Game/StarterContent/Materials/M_Basic_Wall.M_Basic_Wall","49","23","23","1","0.000000","0","23"
"/Game/StarterContent/Materials/M_Basic_Floor.M_Basic_Floor","49","23","23","1","73.439964","0","23"
"/Game/StarterContent/Materials/M_AssetPlatform.M_AssetPlatform","49","23","23","1","19.336445","0","23"
"/Game/StarterContent/Blueprints/Assets/M_LightStage_Arrows.M_LightStage_Arrows","49","4","4","1","1.398287","0","4"
"/Engine/EngineSky/M_SimpleSkyDome.M_SimpleSkyDome","49","4","4","1","3.186589","0","4"
"/Engine/EditorMeshes/ColorCalibrator/M_GreyBall.M_GreyBall","49","35","35","1","43.700455","0","35"
"/Engine/EditorMeshes/ColorCalibrator/M_ClearCoat.M_ClearCoat","49","23","23","1","18.273033","0","23"
"/Engine/EditorMeshes/ColorCalibrator/M_ChromeBall.M_ChromeBall","49","35","35","1","34.490650","0","35"
"/Engine/EditorMeshes/ColorCalibrator/M_ClearCoatBlack.M_ClearCoatBlack","49","23","23","1","18.404583","0","23"
"/Engine/EngineMaterials/FlattenMaterial_WS_Normal_VT.FlattenMaterial_WS_Normal_VT","49","128","192","3","700.261597","60","3200"
"/Engine/EngineMaterials/FlattenMaterial_VT.FlattenMaterial_VT","49","64","64","1","132.861893","0","64"
"/Engine/EngineMaterials/FlattenMaterial.FlattenMaterial","49","64","64","1","0.000000","0","64"
"/Engine/EngineMaterials/M_InvalidLightmapSettings.M_InvalidLightmapSettings","49","28","28","1","19.304443","0","28"
"/Engine/EngineMaterials/EmissiveMeshMaterial.EmissiveMeshMaterial","49","7","7","1","3.676861","0","7"
"/Engine/EngineMaterials/PhAT_JointLimitMaterial.PhAT_JointLimitMaterial","49","10","11","1","6.081699","0","11"
"/Engine/EngineDebugMaterials/M_VolumeRenderSphereTracePP.M_VolumeRenderSphereTracePP","49","5","5","1","2.588095","0","5"
"/Engine/EngineMaterials/DefaultTextMaterialOpaque.DefaultTextMaterialOpaque","49","31","33","1","22.748569","0","33"
"/Engine/VREditor/TransformGizmo/TransformGizmoMaterial.TransformGizmoMaterial","49","4","4","1","2.196116","0","4"
"/Engine/EngineMaterials/Widget3DPassThrough.Widget3DPassThrough","49","61","66","6","114.666367","0","71"
"/Engine/EngineMaterials/DefaultPostProcessMaterial.DefaultPostProcessMaterial","49","7","7","1","2.825619","0","7"
"/Engine/EngineMaterials/DefaultDeferredDecalMaterial.DefaultDeferredDecalMaterial","49","87","87","1","91.123016","0","87"
"/Engine/EngineMaterials/DefaultMaterial.DefaultMaterial","49","127","127","1","116.536591","0","127"
"/Engine/EngineMaterials/WorldGridMaterial.WorldGridMaterial","49","949","970","1","769.877563","0","0"
"/Game/StarterContent/Particles/Materials/M_Heat_Distortion.M_Heat_Distortion","49","23","23","1","10.195673","0","23"
"/Game/StarterContent/Props/Materials/M_TableRound.M_TableRound","49","23","23","1","16.070068","0","23"
"/MeshModelingToolset/Materials/M_DynamicMeshComponentVtxColor.M_DynamicMeshComponentVtxColor","49","0","20","1","0.000000","0","0"
"/ControlRig/Controls/ControlRigGizmoMaterial.ControlRigGizmoMaterial","49","0","4","1","0.000000","0","0"
"/ControlRig/Controls/ControlRigXRayMaterial.ControlRigXRayMaterial","49","0","11","1","0.000000","0","0"
"/Game/Vehicles/SportsCar/Materials/M_SportsCar_Lights.M_SportsCar_Lights","49","0","46","1","0.000000","0","0"
"/ControlRig/M_Manip.M_Manip","49","0","11","1","0.000000","0","0"
"/Game/LevelPrototyping/Materials/M_Solid.M_Solid","49","0","26","1","0.000000","0","0"
"/Paper2D/DefaultSpriteMaterial.DefaultSpriteMaterial","49","0","54","2","0.000000","0","0"
"/Game/Vehicles/SportsCar/Materials/M_SportsCar.M_SportsCar","49","0","90","3","0.000000","0","0"
"/Game/Vehicles/SportsCar/Materials/M_SportsCar_Wheel.M_SportsCar_Wheel","49","0","26","1","0.000000","0","0"
"/Game/Vehicles/OffroadCar/Materials/M_OffroadCar_Wheel.M_OffroadCar_Wheel","49","0","26","1","0.000000","0","0"
"/Game/StarterContent/Materials/M_Brick_Hewn_Stone.M_Brick_Hewn_Stone","49","23","23","1","19.029202","0","23"
"/Game/StarterContent/Materials/M_Brick_Cut_Stone.M_Brick_Cut_Stone","49","23","23","1","20.636623","0","23"
"/Game/StarterContent/Materials/M_Brick_Clay_Old.M_Brick_Clay_Old","49","23","23","1","17.990137","0","23"
"/Game/StarterContent/Materials/M_Brick_Clay_New.M_Brick_Clay_New","49","23","23","1","16.248560","0","23"
"/Game/StarterContent/Materials/M_Brick_Clay_Beveled.M_Brick_Clay_Beveled","49","23","23","1","15.757787","0","23"
"/Engine/EngineMaterials/PPM_DefaultCalibrationGrayscale.PPM_DefaultCalibrationGrayscale","49","5","5","1","1.948191","0","5"
"/Engine/EngineMaterials/PPM_DefaultCalibrationColor.PPM_DefaultCalibrationColor","49","5","5","1","1.532727","0","5"
"/Game/StarterContent/Props/Materials/M_StatueGlass.M_StatueGlass","49","35","35","1","48.888676","0","35"
"/Game/StarterContent/Props/Materials/M_Statue.M_Statue","49","23","23","1","25.690426","0","23"
"/Game/StarterContent/Particles/Materials/M_Spark.M_Spark","49","11","11","1","6.579836","0","11"
"/Game/StarterContent/Particles/Materials/M_smoke_subUV.M_smoke_subUV","49","56","56","1","51.242794","0","56"
"/Game/StarterContent/Props/Materials/M_Shelf.M_Shelf","49","23","23","1","23.317537","0","23"
"/Game/StarterContent/Materials/M_Wood_Floor_Walnut_Polished.M_Wood_Floor_Walnut_Polished","49","23","23","1","23.072809","0","23"
"/Game/StarterContent/Materials/M_Water_Lake.M_Water_Lake","49","23","23","1","24.784708","0","23"
"/Game/StarterContent/Materials/M_Rock_Marble_Polished.M_Rock_Marble_Polished","49","23","23","1","26.138220","0","23"
"/Game/StarterContent/Materials/M_Wood_Walnut.M_Wood_Walnut","49","23","23","1","25.040163","0","23"
"/Game/StarterContent/Materials/M_Wood_Pine.M_Wood_Pine","49","23","23","1","21.211079","0","23"
"/Game/StarterContent/Materials/M_Wood_Oak.M_Wood_Oak","49","23","23","1","22.507191","0","23"
"/Game/StarterContent/Materials/M_Tech_Panel.M_Tech_Panel","49","23","23","1","21.957726","0","0"
"/Game/StarterContent/Materials/M_Tech_Hex_Tile_Pulse.M_Tech_Hex_Tile_Pulse","49","23","23","1","21.627781","0","23"
"/Game/StarterContent/Materials/M_Rock_Slate.M_Rock_Slate","49","23","23","1","26.257814","0","23"
"/Game/StarterContent/Materials/M_Rock_Sandstone.M_Rock_Sandstone","49","23","23","1","25.511847","0","23"
"/Game/StarterContent/Materials/M_Rock_Basalt.M_Rock_Basalt","49","23","23","1","19.447783","0","23"
"/Game/StarterContent/Materials/M_Metal_Steel.M_Metal_Steel","49","23","23","1","28.092218","0","23"
"/Game/StarterContent/Materials/M_Metal_Gold.M_Metal_Gold","49","35","35","1","30.869186","0","35"
"/Game/StarterContent/Materials/M_Metal_Copper.M_Metal_Copper","49","23","23","1","26.371117","0","23"
"/Game/StarterContent/Materials/M_Metal_Chrome.M_Metal_Chrome","49","23","23","1","23.733171","0","23"
"/Game/StarterContent/Materials/M_Metal_Burnished_Steel.M_Metal_Burnished_Steel","49","23","23","1","24.183210","0","23"
"/Game/StarterContent/Materials/M_Metal_Brushed_Nickel.M_Metal_Brushed_Nickel","49","23","23","1","22.595701","0","23"
"/Game/StarterContent/Props/Materials/M_Lamp.M_Lamp","49","23","23","1","23.798727","0","23"
"/Game/StarterContent/Materials/M_Ground_Moss.M_Ground_Moss","49","23","23","1","23.704378","0","23"
"/Game/StarterContent/Materials/M_Ground_Gravel.M_Ground_Gravel","49","23","23","1","24.990437","0","23"
"/Game/StarterContent/Materials/M_Ground_Grass.M_Ground_Grass","49","23","23","1","27.424572","0","23"
"/Game/StarterContent/Props/Materials/M_Frame.M_Frame","49","23","23","1","22.602793","0","23"
"/Game/StarterContent/Particles/Materials/M_Fire_SubUV.M_Fire_SubUV","49","11","11","1","6.165193","0","11"
"/Game/StarterContent/Particles/Materials/M_explosion_subUV.M_explosion_subUV","49","11","11","1","6.428082","0","11"
"/Game/StarterContent/Particles/Materials/M_Dust_Particle.M_Dust_Particle","49","74","74","1","58.048855","0","74"
"/Game/StarterContent/Props/Materials/M_Door.M_Door","49","23","23","1","24.811382","0","23"
"/Game/StarterContent/Materials/M_Concrete_Tiles.M_Concrete_Tiles","49","23","23","1","26.030455","0","23"
"/Game/StarterContent/Materials/M_Concrete_Poured.M_Concrete_Poured","49","23","23","1","21.289076","0","23"
"/Game/StarterContent/Materials/M_Concrete_Panels.M_Concrete_Panels","49","23","23","1","26.817959","0","23"
"/Game/StarterContent/Materials/M_Concrete_Grime.M_Concrete_Grime","49","23","23","1","36.504368","0","23"
"/Game/StarterContent/Materials/M_CobbleStone_Smooth.M_CobbleStone_Smooth","49","23","23","1","30.955555","0","23"
"/Game/StarterContent/Materials/M_CobbleStone_Rough.M_CobbleStone_Rough","49","23","23","1","33.060688","0","23"
"/Game/StarterContent/Materials/M_CobbleStone_Pebble.M_CobbleStone_Pebble","49","23","23","1","29.307623","0","23"
"/Game/StarterContent/Materials/M_Tech_Checker_Dot.M_Tech_Checker_Dot","49","23","23","1","29.584520","0","23"
"/Game/StarterContent/Props/Materials/M_Chair.M_Chair","49","23","23","1","31.957243","0","23"
"/Game/StarterContent/Materials/M_Ceramic_Tile_Checker.M_Ceramic_Tile_Checker","49","23","23","1","42.654945","0","23"
"/Game/StarterContent/Props/Materials/M_Bush.M_Bush","49","44","46","1","52.327641","0","46"
"/Game/StarterContent/Particles/Materials/M_Burst.M_Burst","49","17","17","1","11.929929","0","17"
"/Game/Track/M_Track.M_Track","49","0","26","1","0.000000","0","0"
"/Engine/EditorMaterials/PreviewShadowIndicatorMaterial.PreviewShadowIndicatorMaterial","49","61","61","1","49.413685","0","61"
"/Game/Vehicles/test_car/mat_5_001.mat_5_001","49","50","50","1","95.621170","0","50"
"/Game/Vehicles/test_car/mat_4_004.mat_4_004","49","26","26","1","0.000000","0","26"
"/Game/Vehicles/test_car/mat_4_001.mat_4_001","49","50","50","1","0.000000","0","50"
"/Game/Vehicles/test_car/mat_3_001.mat_3_001","49","50","50","1","0.000000","0","50"
"/Game/Vehicles/test_car/mat_11_001.mat_11_001","49","50","50","1","0.000000","0","50"
"/Game/Vehicles/test_car/mat_10_001.mat_10_001","49","50","50","1","0.000000","0","50"
"/Game/StarterContent/Props/Materials/M_Rock.M_Rock","49","23","23","1","36.042686","0","23"
"/Game/StarterContent/Materials/M_Water_Ocean.M_Water_Ocean","49","23","23","1","23.660107","0","23"
"/Game/StarterContent/Materials/M_Tech_Hex_Tile.M_Tech_Hex_Tile","49","23","23","1","28.901186","0","23"
"/Game/StarterContent/Materials/M_Metal_Rust.M_Metal_Rust","49","23","23","1","35.351223","0","23"
"/Game/StarterContent/Particles/Materials/M_radial_ramp.M_radial_ramp","49","14","14","1","11.287775","0","14"
"/Game/StarterContent/Particles/Materials/M_Radial_Gradient.M_Radial_Gradient","49","14","14","1","0.000000","0","14"
"/Game/StarterContent/Materials/M_Wood_Floor_Walnut_Worn.M_Wood_Floor_Walnut_Worn","49","23","23","1","34.681782","0","23"
"/Game/StarterContent/Blueprints/Assets/M_LightStage_Skybox_Master.M_LightStage_Skybox_Master","49","8","8","2","6.628757","0","8"
"/Engine/EditorMaterials/Thumbnails/SkySphereMaterial.SkySphereMaterial","49","23","23","1","32.407688","0","23"
"/Game/StarterContent/Materials/M_ColorGrid_LowSpec.M_ColorGrid_LowSpec","49","23","23","1","57.162971","0","23"
"/Engine/EngineMaterials/AntiAliasedTextMaterialTranslucent.AntiAliasedTextMaterialTranslucent","49","22","22","1","67.202934","0","22"
"/Engine/EngineSky/M_Sky_Panning_Clouds2.M_Sky_Panning_Clouds2","49","4","4","1","5.619557","0","4"
"/Engine/EditorMeshes/ColorCalibrator/M_ColorGrid.M_ColorGrid","49","35","35","1","43.642307","0","35"
"/Engine/VREditor/SnapGrid/SnapGridMaterial.SnapGridMaterial","49","12","12","1","24.793716","0","12"
"/Engine/EngineSky/VolumetricClouds/m_SimpleVolumetricCloud.m_SimpleVolumetricCloud","49","100","100","1","732.043152","0","100"
"/Engine/OpenWorldTemplate/LandscapeMaterial/M_ProcGrid.M_ProcGrid","49","31","57","1","250.602188","0","1373"
"/Interchange/gltf/M_Unlit.M_Unlit","49","0","136","6","0.000000","0","0"
"/Game/LevelPrototyping/Materials/M_PrototypeGrid.M_PrototypeGrid","49","0","69","3","0.000000","0","559"
"/Interchange/gltf/M_Transmission.M_Transmission","49","0","96","2","0.000000","0","0"
"/Interchange/gltf/M_SpecularGlossiness.M_SpecularGlossiness","49","0","280","6","0.000000","0","0"
"/Interchange/gltf/M_Sheen.M_Sheen","49","0","280","6","0.000000","0","0"
"/Interchange/gltf/M_ClearCoat.M_ClearCoat","49","0","280","6","0.000000","0","0"
"/Interchange/gltf/M_Default.M_Default","49","0","280","6","0.000000","0","0"
"/SpeedTreeImporter/SpeedTree9/SpeedTreeBillboardMaster.SpeedTreeBillboardMaster","49","0","66","1","0.000000","0","0"
"/SpeedTreeImporter/SpeedTree9/SpeedTreeMaster.SpeedTreeMaster","49","0","92","1","0.000000","0","0"
